"Path","Bytes","ModifiedUtc"
".gitattributes","498","2026-07-27T16:18:10.0990542Z"
".gitignore","332","2026-07-27T16:08:01.6846864Z"
"01_SQUAT_FIRST/example/k1_squat_reference_50fps.csv","349799","2026-07-10T16:21:39.5818615Z"
"01_SQUAT_FIRST/example/k1_squat_reference_50fps.npz","966108","2026-07-10T16:21:51.4522411Z"
"01_SQUAT_FIRST/example/squat_simulation_example.mp4","458744","2026-07-10T20:03:48.0503642Z"
"01_SQUAT_FIRST/PHASE_1_BRIEF.md","2376","2026-07-27T15:34:00.2226569Z"
"01_SQUAT_FIRST/SELECTED_RUN_SUMMARY.md","1204","2026-07-27T13:26:43.6673177Z"
"01_SQUAT_FIRST/TRAINING_AND_TEST_TIMELINE.md","3575","2026-07-27T13:26:43.6653184Z"
"02_SIT_GETUP_NEXT/gvhmr_example/gvhmr_preview.mp4","3812025","2026-07-13T19:46:00.3458016Z"
"02_SIT_GETUP_NEXT/gvhmr_example/hmr4d_results.pt","2300184","2026-07-13T19:44:48.1361176Z"
"02_SIT_GETUP_NEXT/PHASE_2_BRIEF.md","2267","2026-07-27T16:06:59.1959300Z"
"02_SIT_GETUP_NEXT/retarget_example/k1_retarget_contact_sheet.jpg","47243","2026-07-13T21:00:56.6657605Z"
"02_SIT_GETUP_NEXT/retarget_example/k1_retarget_side_preview.mp4","1670028","2026-07-13T21:00:43.7924388Z"
"02_SIT_GETUP_NEXT/retarget_example/k1_sit_getup_reference_50fps.csv","388458","2026-07-13T21:01:59.6295449Z"
"02_SIT_GETUP_NEXT/retarget_example/k1_sit_getup_reference_50fps.npz","1211696","2026-07-13T21:02:25.8126614Z"
"02_SIT_GETUP_NEXT/retarget_example/studio_sit_keyframe_concepts.png","142756","2026-07-14T16:15:20.9208787Z"
"02_SIT_GETUP_NEXT/source_video/lying_down_standing_up.mov","93410621","2026-07-27T16:05:43.2392060Z"
"02_SIT_GETUP_NEXT/source_video/lying_down_standing_up_720x1280.mp4","6587455","2026-07-13T19:43:32.9848127Z"
"03_ROBOT_AND_DEPLOYMENT_CONTEXT/CURRENT_STATUS.md","2561","2026-07-27T13:26:43.6653184Z"
"03_ROBOT_AND_DEPLOYMENT_CONTEXT/DEPLOYMENT_PATH_NOTES.md","1716","2026-07-27T13:26:43.6683185Z"
"03_ROBOT_AND_DEPLOYMENT_CONTEXT/FIRMWARE_CANARY_EXCERPT.md","2273","2026-07-27T13:26:43.6683185Z"
"03_ROBOT_AND_DEPLOYMENT_CONTEXT/README.md","1520","2026-07-27T16:17:10.3834847Z"
"03_ROBOT_AND_DEPLOYMENT_CONTEXT/ROBOT_VARIANTS.md","2099","2026-07-27T13:26:43.6663187Z"
"03_ROBOT_AND_DEPLOYMENT_CONTEXT/SAFETY_AND_ACCEPTANCE.md","1712","2026-07-27T13:26:43.6673177Z"
"03_ROBOT_AND_DEPLOYMENT_CONTEXT/stock_k1_22dof_model/K1_22dof.urdf","28009","2026-07-02T18:49:52.0352517Z"
"03_ROBOT_AND_DEPLOYMENT_CONTEXT/stock_k1_22dof_model/K1_22dof.xml","18023","2026-07-02T18:49:52.0362491Z"
"03_ROBOT_AND_DEPLOYMENT_CONTEXT/stock_k1_22dof_model/K1_22dof-ZED.urdf","28009","2026-07-02T18:49:52.0352517Z"
"03_ROBOT_AND_DEPLOYMENT_CONTEXT/stock_k1_22dof_model/K1_locomotion.urdf","27971","2026-07-02T18:49:52.0362491Z"
"03_ROBOT_AND_DEPLOYMENT_CONTEXT/stock_k1_22dof_model/LICENSE.booster_assets","1530","2026-07-02T18:49:52.0297356Z"
"03_ROBOT_AND_DEPLOYMENT_CONTEXT/stock_k1_22dof_model/meshes/Head_1.STL","509184","2026-07-02T18:49:52.0392573Z"
"03_ROBOT_AND_DEPLOYMENT_CONTEXT/stock_k1_22dof_model/meshes/Head_2.STL","1502334","2026-07-02T18:49:52.0522556Z"
"03_ROBOT_AND_DEPLOYMENT_CONTEXT/stock_k1_22dof_model/meshes/Head_2_Collision.STL","4684","2026-07-02T18:49:52.0522556Z"
"03_ROBOT_AND_DEPLOYMENT_CONTEXT/stock_k1_22dof_model/meshes/Head_2_ZED.STL","4445234","2026-07-02T18:49:52.0597685Z"
"03_ROBOT_AND_DEPLOYMENT_CONTEXT/stock_k1_22dof_model/meshes/K1_left_foot.STL","428784","2026-07-02T18:49:52.0617674Z"
"03_ROBOT_AND_DEPLOYMENT_CONTEXT/stock_k1_22dof_model/meshes/K1logo.STL","150584","2026-07-02T18:49:52.0626926Z"
"03_ROBOT_AND_DEPLOYMENT_CONTEXT/stock_k1_22dof_model/meshes/L1_X_Ball.STL","117684","2026-07-02T18:49:52.0647675Z"
"03_ROBOT_AND_DEPLOYMENT_CONTEXT/stock_k1_22dof_model/meshes/L1_XX_Ball.STL","117684","2026-07-02T18:49:52.0637672Z"
"03_ROBOT_AND_DEPLOYMENT_CONTEXT/stock_k1_22dof_model/meshes/L1_Y_Ball.STL","117684","2026-07-02T18:49:52.0647675Z"
"03_ROBOT_AND_DEPLOYMENT_CONTEXT/stock_k1_22dof_model/meshes/L2_X_Ball.STL","117684","2026-07-02T18:49:52.0667674Z"
"03_ROBOT_AND_DEPLOYMENT_CONTEXT/stock_k1_22dof_model/meshes/L2_XX_Ball.STL","117684","2026-07-02T18:49:52.0657669Z"
"03_ROBOT_AND_DEPLOYMENT_CONTEXT/stock_k1_22dof_model/meshes/L2_Y_Ball.STL","117684","2026-07-02T18:49:52.0667674Z"
"03_ROBOT_AND_DEPLOYMENT_CONTEXT/stock_k1_22dof_model/meshes/Left_Ankle_Cross.STL","105984","2026-07-02T18:49:52.0677674Z"
"03_ROBOT_AND_DEPLOYMENT_CONTEXT/stock_k1_22dof_model/meshes/Left_Arm_1.STL","142584","2026-07-02T18:49:52.0677674Z"
"03_ROBOT_AND_DEPLOYMENT_CONTEXT/stock_k1_22dof_model/meshes/Left_Arm_2.STL","1258184","2026-07-02T18:49:52.0727669Z"
"03_ROBOT_AND_DEPLOYMENT_CONTEXT/stock_k1_22dof_model/meshes/Left_Arm_3.STL","147484","2026-07-02T18:49:52.0727669Z"
"03_ROBOT_AND_DEPLOYMENT_CONTEXT/stock_k1_22dof_model/meshes/Left_Arm_4.STL","117584","2026-07-02T18:49:52.0737686Z"
"03_ROBOT_AND_DEPLOYMENT_CONTEXT/stock_k1_22dof_model/meshes/Left_Crank_Down.STL","374384","2026-07-02T18:49:52.0752710Z"
"03_ROBOT_AND_DEPLOYMENT_CONTEXT/stock_k1_22dof_model/meshes/Left_Crank_Up.STL","374384","2026-07-02T18:49:52.0772704Z"
"03_ROBOT_AND_DEPLOYMENT_CONTEXT/stock_k1_22dof_model/meshes/Left_Foot.STL","2244834","2026-07-02T18:49:52.0852686Z"
"03_ROBOT_AND_DEPLOYMENT_CONTEXT/stock_k1_22dof_model/meshes/Left_Foot_Collision.STL","3084","2026-07-02T18:49:52.0852686Z"
"03_ROBOT_AND_DEPLOYMENT_CONTEXT/stock_k1_22dof_model/meshes/Left_Foot_old.STL","661684","2026-07-02T18:49:52.0872706Z"
"03_ROBOT_AND_DEPLOYMENT_CONTEXT/stock_k1_22dof_model/meshes/Left_Hip_Pitch.STL","132784","2026-07-02T18:49:52.0882701Z"
"03_ROBOT_AND_DEPLOYMENT_CONTEXT/stock_k1_22dof_model/meshes/Left_Hip_Roll.STL","37584","2026-07-02T18:49:52.0882701Z"
"03_ROBOT_AND_DEPLOYMENT_CONTEXT/stock_k1_22dof_model/meshes/Left_Hip_Yaw.STL","211384","2026-07-02T18:49:52.0902699Z"
"03_ROBOT_AND_DEPLOYMENT_CONTEXT/stock_k1_22dof_model/meshes/Left_Link_Long.STL","181584","2026-07-02T18:49:52.0902699Z"
"03_ROBOT_AND_DEPLOYMENT_CONTEXT/stock_k1_22dof_model/meshes/Left_Link_Short.STL","188584","2026-07-02T18:49:52.0912720Z"
"03_ROBOT_AND_DEPLOYMENT_CONTEXT/stock_k1_22dof_model/meshes/Left_Shank.STL","314184","2026-07-02T18:49:52.0922684Z"
"03_ROBOT_AND_DEPLOYMENT_CONTEXT/stock_k1_22dof_model/meshes/R1_X_Ball.STL","117684","2026-07-02T18:49:52.0932704Z"
"03_ROBOT_AND_DEPLOYMENT_CONTEXT/stock_k1_22dof_model/meshes/R1_XX_Ball.STL","117684","2026-07-02T18:49:52.0932704Z"
"03_ROBOT_AND_DEPLOYMENT_CONTEXT/stock_k1_22dof_model/meshes/R1_Y_Ball.STL","117684","2026-07-02T18:49:52.0942701Z"
"03_ROBOT_AND_DEPLOYMENT_CONTEXT/stock_k1_22dof_model/meshes/R2_X_Ball.STL","117684","2026-07-02T18:49:52.0957758Z"
"03_ROBOT_AND_DEPLOYMENT_CONTEXT/stock_k1_22dof_model/meshes/R2_XX_Ball.STL","117684","2026-07-02T18:49:52.0957758Z"
"03_ROBOT_AND_DEPLOYMENT_CONTEXT/stock_k1_22dof_model/meshes/R2_Y_Ball.STL","117684","2026-07-02T18:49:52.0967815Z"
"03_ROBOT_AND_DEPLOYMENT_CONTEXT/stock_k1_22dof_model/meshes/Right_Ankle_Cross.STL","105984","2026-07-02T18:49:52.0977916Z"
"03_ROBOT_AND_DEPLOYMENT_CONTEXT/stock_k1_22dof_model/meshes/Right_Arm_1.STL","142084","2026-07-02T18:49:52.0977916Z"
"03_ROBOT_AND_DEPLOYMENT_CONTEXT/stock_k1_22dof_model/meshes/Right_Arm_2.STL","1222784","2026-07-02T18:49:52.1027870Z"
"03_ROBOT_AND_DEPLOYMENT_CONTEXT/stock_k1_22dof_model/meshes/Right_Arm_3.STL","216234","2026-07-02T18:49:52.1037884Z"
"03_ROBOT_AND_DEPLOYMENT_CONTEXT/stock_k1_22dof_model/meshes/Right_Arm_4.STL","117884","2026-07-02T18:49:52.1047861Z"
"03_ROBOT_AND_DEPLOYMENT_CONTEXT/stock_k1_22dof_model/meshes/Right_Crank_Down.STL","374384","2026-07-02T18:49:52.1057881Z"
"03_ROBOT_AND_DEPLOYMENT_CONTEXT/stock_k1_22dof_model/meshes/Right_Crank_Up.STL","155984","2026-07-02T18:49:52.1067875Z"
"03_ROBOT_AND_DEPLOYMENT_CONTEXT/stock_k1_22dof_model/meshes/Right_Foot.STL","2245984","2026-07-02T18:49:52.1148204Z"
"03_ROBOT_AND_DEPLOYMENT_CONTEXT/stock_k1_22dof_model/meshes/Right_Foot_Collision.STL","3084","2026-07-02T18:49:52.1148204Z"
"03_ROBOT_AND_DEPLOYMENT_CONTEXT/stock_k1_22dof_model/meshes/Right_Foot_old.STL","661684","2026-07-02T18:49:52.1178174Z"
"03_ROBOT_AND_DEPLOYMENT_CONTEXT/stock_k1_22dof_model/meshes/Right_Hip_Pitch.STL","132784","2026-07-02T18:49:52.1188202Z"
"03_ROBOT_AND_DEPLOYMENT_CONTEXT/stock_k1_22dof_model/meshes/Right_Hip_Roll.STL","37584","2026-07-02T18:49:52.1198200Z"
"03_ROBOT_AND_DEPLOYMENT_CONTEXT/stock_k1_22dof_model/meshes/Right_Hip_Yaw.STL","211284","2026-07-02T18:49:52.1208194Z"
"03_ROBOT_AND_DEPLOYMENT_CONTEXT/stock_k1_22dof_model/meshes/Right_Link_Long.STL","181584","2026-07-02T18:49:52.1218178Z"
"03_ROBOT_AND_DEPLOYMENT_CONTEXT/stock_k1_22dof_model/meshes/Right_Link_Short.STL","188584","2026-07-02T18:49:52.1226299Z"
"03_ROBOT_AND_DEPLOYMENT_CONTEXT/stock_k1_22dof_model/meshes/Right_Shank.STL","314284","2026-07-02T18:49:52.1238201Z"
"03_ROBOT_AND_DEPLOYMENT_CONTEXT/stock_k1_22dof_model/meshes/Trunk.STL","356484","2026-07-02T18:49:52.1258184Z"
"03_ROBOT_AND_DEPLOYMENT_CONTEXT/stock_k1_22dof_model/meshes/Trunk_Collision.STL","3084","2026-07-02T18:49:52.1258184Z"
"03_ROBOT_AND_DEPLOYMENT_CONTEXT/WHAT_WE_TRIED.md","4504","2026-07-27T15:34:00.2236571Z"
"GITHUB_REPOSITORY_NOTES.md","1304","2026-07-27T16:08:01.6846864Z"
"KICKOFF_QUESTIONS.md","820","2026-07-27T15:27:15.2612948Z"
"README.md","405","2026-07-27T16:17:10.3824868Z"
"README_FIRST.md","2833","2026-07-27T16:08:01.6856873Z"
"SHARE_SECURITY_REVIEW.md","2988","2026-07-27T16:08:01.6866863Z"
